{
  "bos_token": {
    "content": "<|startoftext|>",
    "lstrip": false,
    "normalized": false,
    "rstrip": false,
    "single_word": false
  },
  "eos_token": {
    "content": "<|endoftext|>",
    "lstrip": false,
    "normalized": false,
    "rstrip": false,
    "single_word": false
  },
  "pad_token": {
    "content": "<|pad|>",
    "lstrip": false,
    "normalized": false,
    "rstrip": false,
    "single_word": false
  },
  "unk_token": {
    "content": "<|unk|>",
    "lstrip": false,
    "normalized": false,
    "rstrip": false,
    "single_word": false
  }
}
